{
  "mControlDataList": [
    {
      "bgColor": 1291845632,
      "cornerRadius": 50.0,
      "displayInGame": true,
      "displayInMenu": true,
      "dynamicX": "${margin} * 2 + (px(49.714287) / 100.0 * ${preferred_scale}) - ${width} - ${margin}",
      "dynamicY": "(${screen_height} - (px(49.714287) /100.0 * ${preferred_scale})) - ${margin}",
      "height": 49.714287,
      "isDynamicBtn": false,
      "isHideable": false,
      "isSwipeable": false,
      "isToggle": false,
      "keycodes": [
        -2,
        0,
        0,
        0
      ],
      "name": "Ẩn",
      "opacity": 1.0,
      "passThruEnabled": false,
      "strokeColor": -1,
      "strokeWidth": 3.0,
      "width": 49.714287
    },
    {
      "bgColor": 1291845632,
      "cornerRadius": 50.0,
      "displayInGame": true,
      "displayInMenu": true,
      "dynamicX": "${margin} * 2 + (px(49.714287) / 100.0 * ${preferred_scale}) - (px(49.714287) / 100.0 * ${preferred_scale}) - ${margin}",
      "dynamicY": "${screen_height} - ${margin} * 2 - (px(49.714287) /100.0 * ${preferred_scale}) * 2 - ${height} - ${margin}",
      "height": 49.714287,
      "isDynamicBtn": false,
      "isHideable": true,
      "isSwipeable": false,
      "isToggle": false,
      "keycodes": [
        -3,
        0,
        0,
        0
      ],
      "name": "Đập",
      "opacity": 1.0,
      "passThruEnabled": false,
      "strokeColor": -1,
      "strokeWidth": 3.0,
      "width": 49.714287
    },
    {
      "bgColor": 1291845632,
      "cornerRadius": 50.0,
      "displayInGame": true,
      "displayInMenu": true,
      "dynamicX": "${margin} * 2 + (px(49.714287) / 100.0 * ${preferred_scale}) + (px(49.714287) / 100.0 * ${preferred_scale}) + ${margin}",
      "dynamicY": "${screen_height} - ${margin} * 2 - (px(49.714287) /100.0 * ${preferred_scale}) * 2 - ${height} - ${margin}",
      "height": 49.714287,
      "isDynamicBtn": false,
      "isHideable": true,
      "isSwipeable": false,
      "isToggle": false,
      "keycodes": [
        -4,
        0,
        0,
        0
      ],
      "name": "Đặt",
      "opacity": 1.0,
      "passThruEnabled": false,
      "strokeColor": -1,
      "strokeWidth": 3.0,
      "width": 49.714287
    },
    {
      "bgColor": 1291845632,
      "cornerRadius": 50.0,
      "displayInGame": true,
      "displayInMenu": true,
      "dynamicX": "0.9590723 * ${screen_width} - (px(80.0) / 100.0 * ${preferred_scale})",
      "dynamicY": "0.22847222 * ${screen_height} - (px(29.714285) /100.0 * ${preferred_scale}) - ${margin} + (px(29.714285) /100.0 * ${preferred_scale}) + ${margin} - (px(29.714285) /100.0 * ${preferred_scale}) - ${margin} + (px(29.714285) /100.0 * ${preferred_scale}) + ${margin} - (px(29.714285) /100.0 * ${preferred_scale}) - ${margin} - (px(29.714285) /100.0 * ${preferred_scale}) - ${margin} - ${height} - ${margin}",
      "height": 29.714285,
      "isDynamicBtn": false,
      "isHideable": false,
      "isSwipeable": false,
      "isToggle": false,
      "keycodes": [
        -5,
        0,
        0,
        0
      ],
      "name": "Mouse",
      "opacity": 1.0,
      "passThruEnabled": false,
      "strokeColor": -1,
      "strokeWidth": 3.0,
      "width": 85.71429
    },
    {
      "bgColor": 1291845632,
      "cornerRadius": 0.0,
      "displayInGame": true,
      "displayInMenu": true,
      "dynamicX": "${margin} * 2 + (px(49.714287) / 100.0 * ${preferred_scale})",
      "dynamicY": "${screen_height} - ${margin} * 2 - (px(49.714287) /100.0 * ${preferred_scale}) * 2 - ${height} - ${margin}",
      "height": 49.714287,
      "isDynamicBtn": false,
      "isHideable": true,
      "isSwipeable": false,
      "isToggle": false,
      "keycodes": [
        87,
        0,
        0,
        0
      ],
      "name": "▲",
      "opacity": 1.0,
      "passThruEnabled": false,
      "strokeColor": -1,
      "strokeWidth": 0.0,
      "width": 49.714287
    },
    {
      "bgColor": 1291845632,
      "cornerRadius": 0.0,
      "displayInGame": true,
      "displayInMenu": true,
      "dynamicX": "${margin} * 2 + (px(49.714287) / 100.0 * ${preferred_scale}) - ${width} - ${margin}",
      "dynamicY": "${screen_height} - ${margin} * 2 - (px(49.714287) /100.0 * ${preferred_scale}) * 2",
      "height": 49.714287,
      "isDynamicBtn": false,
      "isHideable": true,
      "isSwipeable": false,
      "isToggle": false,
      "keycodes": [
        65,
        0,
        0,
        0
      ],
      "name": "◀",
      "opacity": 1.0,
      "passThruEnabled": false,
      "strokeColor": -1,
      "strokeWidth": 0.0,
      "width": 49.714287
    },
    {
      "bgColor": 1291845632,
      "cornerRadius": 0.0,
      "displayInGame": true,
      "displayInMenu": true,
      "dynamicX": "${margin} * 2 + (px(49.714287) / 100.0 * ${preferred_scale}) + (px(49.714287) / 100.0 * ${preferred_scale}) + ${margin}",
      "dynamicY": "${screen_height} - ${margin} * 2 - (px(49.714287) /100.0 * ${preferred_scale}) * 2",
      "height": 49.714287,
      "isDynamicBtn": false,
      "isHideable": true,
      "isSwipeable": false,
      "isToggle": false,
      "keycodes": [
        68,
        0,
        0,
        0
      ],
      "name": "▶",
      "opacity": 1.0,
      "passThruEnabled": false,
      "strokeColor": -1,
      "strokeWidth": 0.0,
      "width": 49.714287
    },
    {
      "bgColor": 1291845632,
      "cornerRadius": 50.0,
      "displayInGame": true,
      "displayInMenu": true,
      "dynamicX": "${margin} * 3 + (px(49.714287) / 100.0 * ${preferred_scale}) * 2",
      "dynamicY": "(${screen_height} - (px(49.714287) /100.0 * ${preferred_scale})) - ${margin} * 2 - (px(49.714287) /100.0 * ${preferred_scale}) + (px(49.714287) /100.0 * ${preferred_scale}) + ${margin}",
      "height": 49.714287,
      "isDynamicBtn": false,
      "isHideable": true,
      "isSwipeable": false,
      "isToggle": false,
      "keycodes": [
        69,
        0,
        0,
        0
      ],
      "name": "Túi Đồ",
      "opacity": 1.0,
      "passThruEnabled": false,
      "strokeColor": -1,
      "strokeWidth": 3.0,
      "width": 49.714287
    },
    {
      "bgColor": 1291845632,
      "cornerRadius": 0.0,
      "displayInGame": true,
      "displayInMenu": true,
      "dynamicX": "${margin} * 2 + ${width}",
      "dynamicY": "${screen_height} - ${margin} * 2 - ${height} * 2",
      "height": 49.714287,
      "isDynamicBtn": false,
      "isHideable": true,
      "isSwipeable": false,
      "isToggle": true,
      "keycodes": [
        340,
        0,
        0,
        0
      ],
      "name": "◇",
      "opacity": 1.0,
      "passThruEnabled": false,
      "strokeColor": -1,
      "strokeWidth": 0.0,
      "width": 49.714287
    },
    {
      "bgColor": 1291845632,
      "cornerRadius": 50.0,
      "displayInGame": true,
      "displayInMenu": true,
      "dynamicX": "0.9372442 * ${screen_width} - ${width}",
      "dynamicY": "0.8666667 * ${screen_height} - ${height}",
      "height": 49.714287,
      "isDynamicBtn": false,
      "isHideable": true,
      "isSwipeable": false,
      "isToggle": false,
      "keycodes": [
        32,
        0,
        0,
        0
      ],
      "name": "⬛",
      "opacity": 1.0,
      "passThruEnabled": false,
      "strokeColor": -1,
      "strokeWidth": 3.0,
      "width": 49.714287
    },
    {
      "bgColor": 1291845632,
      "cornerRadius": 0.0,
      "displayInGame": true,
      "displayInMenu": true,
      "dynamicX": "${margin} * 2 + (px(49.714287) / 100.0 * ${preferred_scale})",
      "dynamicY": "${screen_height} - ${margin} * 2 - (px(49.714287) /100.0 * ${preferred_scale}) * 2 + (px(49.714287) /100.0 * ${preferred_scale}) + ${margin}",
      "height": 49.714287,
      "isDynamicBtn": false,
      "isHideable": true,
      "isSwipeable": false,
      "isToggle": false,
      "keycodes": [
        83,
        0,
        0,
        0
      ],
      "name": "▼",
      "opacity": 1.0,
      "passThruEnabled": false,
      "strokeColor": -1,
      "strokeWidth": 0.0,
      "width": 49.714287
    },
    {
      "bgColor": 1291845632,
      "cornerRadius": 50.0,
      "displayInGame": true,
      "displayInMenu": true,
      "dynamicX": "0.9372442 * ${screen_width} - (px(49.714287) / 100.0 * ${preferred_scale})",
      "dynamicY": "0.8666667 * ${screen_height} - (px(49.714287) /100.0 * ${preferred_scale}) + (px(49.714287) /100.0 * ${preferred_scale}) + ${margin}",
      "height": 49.714287,
      "isDynamicBtn": false,
      "isHideable": true,
      "isSwipeable": false,
      "isToggle": false,
      "keycodes": [
        -6,
        0,
        0,
        0
      ],
      "name": "Chép",
      "opacity": 1.0,
      "passThruEnabled": false,
      "strokeColor": -1,
      "strokeWidth": 3.0,
      "width": 49.714287
    },
    {
      "bgColor": 1291845632,
      "cornerRadius": 50.0,
      "displayInGame": true,
      "displayInMenu": true,
      "dynamicX": "0.20632008 * ${screen_width} + (px(85.71429) / 100.0 * ${preferred_scale}) + ${margin}",
      "dynamicY": "0.9812982 * ${screen_height} - (px(28.571428) /100.0 * ${preferred_scale}) - (px(29.714285) /100.0 * ${preferred_scale}) - ${margin} - (px(28.571428) /100.0 * ${preferred_scale}) - ${margin} + (px(28.571428) /100.0 * ${preferred_scale}) + ${margin} + (px(29.714285) /100.0 * ${preferred_scale}) + ${margin}",
      "height": 28.571428,
      "isDynamicBtn": false,
      "isHideable": true,
      "isSwipeable": false,
      "isToggle": false,
      "keycodes": [
        70,
        0,
        0,
        0
      ],
      "name": "F",
      "opacity": 1.0,
      "passThruEnabled": false,
      "strokeColor": -1,
      "strokeWidth": 3.0,
      "width": 85.71429
    },
    {
      "bgColor": 1291845632,
      "cornerRadius": 50.0,
      "displayInGame": true,
      "displayInMenu": true,
      "dynamicX": "0.20632008 * ${screen_width} + (px(85.71429) / 100.0 * ${preferred_scale}) + ${margin}",
      "dynamicY": "0.9812982 * ${screen_height} - (px(28.571428) /100.0 * ${preferred_scale}) - (px(29.714285) /100.0 * ${preferred_scale}) - ${margin} - (px(28.571428) /100.0 * ${preferred_scale}) - ${margin} + (px(28.571428) /100.0 * ${preferred_scale}) + ${margin} + (px(29.714285) /100.0 * ${preferred_scale}) + ${margin} - ${height} - ${margin}",
      "height": 28.571428,
      "isDynamicBtn": false,
      "isHideable": true,
      "isSwipeable": false,
      "isToggle": false,
      "keycodes": [
        76,
        0,
        0,
        0
      ],
      "name": "L",
      "opacity": 1.0,
      "passThruEnabled": false,
      "strokeColor": -1,
      "strokeWidth": 3.0,
      "width": 85.71429
    }
  ],
  "mDrawerDataList": [
    {
      "buttonProperties": [
        {
          "bgColor": 1291845632,
          "cornerRadius": 50.0,
          "displayInGame": true,
          "displayInMenu": true,
          "dynamicX": "0.8755116 * ${screen_width} - ${width}",
          "dynamicY": "0.7416667 * ${screen_height} - ${height}",
          "height": 49.714287,
          "isDynamicBtn": false,
          "isHideable": true,
          "isSwipeable": false,
          "isToggle": false,
          "keycodes": [
            57,
            0,
            0,
            0
          ],
          "name": "9",
          "opacity": 1.0,
          "passThruEnabled": false,
          "strokeColor": -1,
          "strokeWidth": 3.0,
          "width": 49.714287
        },
        {
          "bgColor": 1291845632,
          "cornerRadius": 50.0,
          "displayInGame": true,
          "displayInMenu": true,
          "dynamicX": "0.813779 * ${screen_width} - ${width}",
          "dynamicY": "0.7416667 * ${screen_height} - ${height}",
          "height": 49.714287,
          "isDynamicBtn": false,
          "isHideable": true,
          "isSwipeable": false,
          "isToggle": false,
          "keycodes": [
            56,
            0,
            0,
            0
          ],
          "name": "8",
          "opacity": 1.0,
          "passThruEnabled": false,
          "strokeColor": -1,
          "strokeWidth": 3.0,
          "width": 49.714287
        },
        {
          "bgColor": 1291845632,
          "cornerRadius": 50.0,
          "displayInGame": true,
          "displayInMenu": true,
          "dynamicX": "0.7520464 * ${screen_width} - ${width}",
          "dynamicY": "0.7416667 * ${screen_height} - ${height}",
          "height": 49.714287,
          "isDynamicBtn": false,
          "isHideable": true,
          "isSwipeable": false,
          "isToggle": false,
          "keycodes": [
            55,
            0,
            0,
            0
          ],
          "name": "7",
          "opacity": 1.0,
          "passThruEnabled": false,
          "strokeColor": -1,
          "strokeWidth": 3.0,
          "width": 49.714287
        },
        {
          "bgColor": 1291845632,
          "cornerRadius": 50.0,
          "displayInGame": true,
          "displayInMenu": true,
          "dynamicX": "0.69031376 * ${screen_width} - ${width}",
          "dynamicY": "0.7416667 * ${screen_height} - ${height}",
          "height": 49.714287,
          "isDynamicBtn": false,
          "isHideable": true,
          "isSwipeable": false,
          "isToggle": false,
          "keycodes": [
            54,
            0,
            0,
            0
          ],
          "name": "6",
          "opacity": 1.0,
          "passThruEnabled": false,
          "strokeColor": -1,
          "strokeWidth": 3.0,
          "width": 49.714287
        },
        {
          "bgColor": 1291845632,
          "cornerRadius": 50.0,
          "displayInGame": true,
          "displayInMenu": true,
          "dynamicX": "0.62858117 * ${screen_width} - ${width}",
          "dynamicY": "0.7416667 * ${screen_height} - ${height}",
          "height": 49.714287,
          "isDynamicBtn": false,
          "isHideable": true,
          "isSwipeable": false,
          "isToggle": false,
          "keycodes": [
            53,
            0,
            0,
            0
          ],
          "name": "5",
          "opacity": 1.0,
          "passThruEnabled": false,
          "strokeColor": -1,
          "strokeWidth": 3.0,
          "width": 49.714287
        },
        {
          "bgColor": 1291845632,
          "cornerRadius": 50.0,
          "displayInGame": true,
          "displayInMenu": true,
          "dynamicX": "0.5668486 * ${screen_width} - ${width}",
          "dynamicY": "0.7416667 * ${screen_height} - ${height}",
          "height": 49.714287,
          "isDynamicBtn": false,
          "isHideable": true,
          "isSwipeable": false,
          "isToggle": false,
          "keycodes": [
            52,
            0,
            0,
            0
          ],
          "name": "4",
          "opacity": 1.0,
          "passThruEnabled": false,
          "strokeColor": -1,
          "strokeWidth": 3.0,
          "width": 49.714287
        },
        {
          "bgColor": 1291845632,
          "cornerRadius": 50.0,
          "displayInGame": true,
          "displayInMenu": true,
          "dynamicX": "0.4457708 * ${screen_width}",
          "dynamicY": "0.7416667 * ${screen_height} - ${height}",
          "height": 49.714287,
          "isDynamicBtn": false,
          "isHideable": true,
          "isSwipeable": false,
          "isToggle": false,
          "keycodes": [
            51,
            0,
            0,
            0
          ],
          "name": "3",
          "opacity": 1.0,
          "passThruEnabled": false,
          "strokeColor": -1,
          "strokeWidth": 3.0,
          "width": 49.714287
        },
        {
          "bgColor": 1291845632,
          "cornerRadius": 50.0,
          "displayInGame": true,
          "displayInMenu": true,
          "dynamicX": "0.3840382 * ${screen_width}",
          "dynamicY": "0.7416667 * ${screen_height} - ${height}",
          "height": 49.714287,
          "isDynamicBtn": false,
          "isHideable": true,
          "isSwipeable": false,
          "isToggle": false,
          "keycodes": [
            50,
            0,
            0,
            0
          ],
          "name": "2",
          "opacity": 1.0,
          "passThruEnabled": false,
          "strokeColor": -1,
          "strokeWidth": 3.0,
          "width": 49.714287
        },
        {
          "bgColor": 1291845632,
          "cornerRadius": 50.0,
          "displayInGame": true,
          "displayInMenu": true,
          "dynamicX": "0.3223056 * ${screen_width}",
          "dynamicY": "0.7416667 * ${screen_height} - ${height}",
          "height": 49.714287,
          "isDynamicBtn": false,
          "isHideable": true,
          "isSwipeable": false,
          "isToggle": false,
          "keycodes": [
            49,
            0,
            0,
            0
          ],
          "name": "1",
          "opacity": 1.0,
          "passThruEnabled": false,
          "strokeColor": -1,
          "strokeWidth": 3.0,
          "width": 49.714287
        }
      ],
      "orientation": "LEFT",
      "properties": {
        "bgColor": 1291845632,
        "cornerRadius": 50.0,
        "displayInGame": true,
        "displayInMenu": true,
        "dynamicX": "0.9372442 * ${screen_width} - (px(49.714287) / 100.0 * ${preferred_scale})",
        "dynamicY": "0.8666667 * ${screen_height} - (px(49.714287) /100.0 * ${preferred_scale}) - ${height} - ${margin}",
        "height": 49.714287,
        "isDynamicBtn": false,
        "isHideable": true,
        "isSwipeable": false,
        "isToggle": false,
        "keycodes": [
          0,
          0,
          0,
          0
        ],
        "name": "Phím Ẩn",
        "opacity": 1.0,
        "passThruEnabled": false,
        "strokeColor": -1,
        "strokeWidth": 3.0,
        "width": 49.714287
      }
    },
    {
      "buttonProperties": [
        {
          "bgColor": 1291845632,
          "cornerRadius": 50.0,
          "displayInGame": true,
          "displayInMenu": true,
          "dynamicX": "0.029672453 * ${screen_width} + (px(85.71429) / 100.0 * ${preferred_scale}) + ${margin} - (px(85.71429) / 100.0 * ${preferred_scale}) - ${margin} + (px(85.71429) / 100.0 * ${preferred_scale}) + ${margin} - ${width} - ${margin}",
          "dynamicY": "0.0 * ${screen_height} + (px(28.571428) /100.0 * ${preferred_scale}) + ${margin} + (px(28.571428) /100.0 * ${preferred_scale}) + ${margin} - (px(28.571428) /100.0 * ${preferred_scale}) - ${margin} - (px(28.571428) /100.0 * ${preferred_scale}) - ${margin} + (px(28.571428) /100.0 * ${preferred_scale}) + ${margin} + (px(28.571428) /100.0 * ${preferred_scale}) + ${margin} - (px(28.571428) /100.0 * ${preferred_scale}) - ${margin} - (px(28.571428) /100.0 * ${preferred_scale}) - ${margin} + (px(28.571428) /100.0 * ${preferred_scale}) + ${margin} - (px(29.714285) /100.0 * ${preferred_scale}) - ${margin}",
          "height": 28.571428,
          "isDynamicBtn": false,
          "isHideable": true,
          "isSwipeable": false,
          "isToggle": false,
          "keycodes": [
            290,
            0,
            0,
            0
          ],
          "name": "F1",
          "opacity": 1.0,
          "passThruEnabled": false,
          "strokeColor": -1,
          "strokeWidth": 3.0,
          "width": 85.71429
        },
        {
          "bgColor": 1291845632,
          "cornerRadius": 50.0,
          "displayInGame": true,
          "displayInMenu": true,
          "dynamicX": "0.029672453 * ${screen_width} + (px(85.71429) / 100.0 * ${preferred_scale}) + ${margin} - (px(85.71429) / 100.0 * ${preferred_scale}) - ${margin}",
          "dynamicY": "0.0 * ${screen_height} + (px(28.571428) /100.0 * ${preferred_scale}) + ${margin} + (px(28.571428) /100.0 * ${preferred_scale}) + ${margin} - (px(28.571428) /100.0 * ${preferred_scale}) - ${margin} - (px(28.571428) /100.0 * ${preferred_scale}) - ${margin} + (px(28.571428) /100.0 * ${preferred_scale}) + ${margin} + (px(28.571428) /100.0 * ${preferred_scale}) + ${margin} - (px(28.571428) /100.0 * ${preferred_scale}) - ${margin} + (px(28.571428) /100.0 * ${preferred_scale}) + ${margin} + (px(28.571428) /100.0 * ${preferred_scale}) + ${margin} + (px(28.571428) /100.0 * ${preferred_scale}) + ${margin} - (px(28.571428) /100.0 * ${preferred_scale}) - ${margin} + (px(28.571428) /100.0 * ${preferred_scale}) + ${margin}",
          "height": 28.571428,
          "isDynamicBtn": false,
          "isHideable": true,
          "isSwipeable": false,
          "isToggle": false,
          "keycodes": [
            0,
            0,
            0,
            0
          ],
          "name": "F5",
          "opacity": 1.0,
          "passThruEnabled": false,
          "strokeColor": -1,
          "strokeWidth": 3.0,
          "width": 85.71429
        },
        {
          "bgColor": 1291845632,
          "cornerRadius": 50.0,
          "displayInGame": true,
          "displayInMenu": true,
          "dynamicX": "0.029672453 * ${screen_width} + (px(85.71429) / 100.0 * ${preferred_scale}) + ${margin} - (px(85.71429) / 100.0 * ${preferred_scale}) - ${margin} + (px(85.71429) / 100.0 * ${preferred_scale}) + ${margin} - ${width} - ${margin}",
          "dynamicY": "0.0 * ${screen_height} + (px(28.571428) /100.0 * ${preferred_scale}) + ${margin} + (px(28.571428) /100.0 * ${preferred_scale}) + ${margin} - (px(28.571428) /100.0 * ${preferred_scale}) - ${margin} - (px(28.571428) /100.0 * ${preferred_scale}) - ${margin} + (px(28.571428) /100.0 * ${preferred_scale}) + ${margin} + (px(28.571428) /100.0 * ${preferred_scale}) + ${margin} - (px(28.571428) /100.0 * ${preferred_scale}) - ${margin} - (px(28.571428) /100.0 * ${preferred_scale}) - ${margin} + (px(28.571428) /100.0 * ${preferred_scale}) + ${margin} - (px(29.714285) /100.0 * ${preferred_scale}) - ${margin} + (px(29.714285) /100.0 * ${preferred_scale}) + ${margin} + (px(29.714285) /100.0 * ${preferred_scale}) + ${margin} + (px(29.714285) /100.0 * ${preferred_scale}) + ${margin}",
          "height": 28.571428,
          "isDynamicBtn": false,
          "isHideable": true,
          "isSwipeable": false,
          "isToggle": false,
          "keycodes": [
            293,
            0,
            0,
            0
          ],
          "name": "F4",
          "opacity": 1.0,
          "passThruEnabled": false,
          "strokeColor": -1,
          "strokeWidth": 3.0,
          "width": 85.71429
        },
        {
          "bgColor": 1291845632,
          "cornerRadius": 50.0,
          "displayInGame": true,
          "displayInMenu": true,
          "dynamicX": "0.029672453 * ${screen_width} + (px(85.71429) / 100.0 * ${preferred_scale}) + ${margin} - (px(85.71429) / 100.0 * ${preferred_scale}) - ${margin} + (px(85.71429) / 100.0 * ${preferred_scale}) + ${margin} - ${width} - ${margin}",
          "dynamicY": "0.0 * ${screen_height} + (px(28.571428) /100.0 * ${preferred_scale}) + ${margin} + (px(28.571428) /100.0 * ${preferred_scale}) + ${margin} - (px(28.571428) /100.0 * ${preferred_scale}) - ${margin} - (px(28.571428) /100.0 * ${preferred_scale}) - ${margin} + (px(28.571428) /100.0 * ${preferred_scale}) + ${margin} + (px(28.571428) /100.0 * ${preferred_scale}) + ${margin} - (px(28.571428) /100.0 * ${preferred_scale}) - ${margin} - (px(28.571428) /100.0 * ${preferred_scale}) - ${margin} + (px(28.571428) /100.0 * ${preferred_scale}) + ${margin} - (px(29.714285) /100.0 * ${preferred_scale}) - ${margin} + (px(29.714285) /100.0 * ${preferred_scale}) + ${margin} + (px(29.714285) /100.0 * ${preferred_scale}) + ${margin}",
          "height": 28.571428,
          "isDynamicBtn": false,
          "isHideable": true,
          "isSwipeable": false,
          "isToggle": false,
          "keycodes": [
            292,
            0,
            0,
            0
          ],
          "name": "F3",
          "opacity": 1.0,
          "passThruEnabled": false,
          "strokeColor": -1,
          "strokeWidth": 3.0,
          "width": 85.71429
        },
        {
          "bgColor": 1291845632,
          "cornerRadius": 50.0,
          "displayInGame": true,
          "displayInMenu": true,
          "dynamicX": "0.029672453 * ${screen_width} + (px(85.71429) / 100.0 * ${preferred_scale}) + ${margin} - (px(85.71429) / 100.0 * ${preferred_scale}) - ${margin} + (px(85.71429) / 100.0 * ${preferred_scale}) + ${margin} - ${width} - ${margin}",
          "dynamicY": "0.0 * ${screen_height} + (px(28.571428) /100.0 * ${preferred_scale}) + ${margin} + (px(28.571428) /100.0 * ${preferred_scale}) + ${margin} - (px(28.571428) /100.0 * ${preferred_scale}) - ${margin} - (px(28.571428) /100.0 * ${preferred_scale}) - ${margin} + (px(28.571428) /100.0 * ${preferred_scale}) + ${margin} + (px(28.571428) /100.0 * ${preferred_scale}) + ${margin} - (px(28.571428) /100.0 * ${preferred_scale}) - ${margin} - (px(28.571428) /100.0 * ${preferred_scale}) - ${margin} + (px(28.571428) /100.0 * ${preferred_scale}) + ${margin} - (px(29.714285) /100.0 * ${preferred_scale}) - ${margin} + (px(29.714285) /100.0 * ${preferred_scale}) + ${margin}",
          "height": 28.571428,
          "isDynamicBtn": false,
          "isHideable": true,
          "isSwipeable": false,
          "isToggle": false,
          "keycodes": [
            291,
            0,
            0,
            0
          ],
          "name": "F2",
          "opacity": 1.0,
          "passThruEnabled": false,
          "strokeColor": -1,
          "strokeWidth": 3.0,
          "width": 85.71429
        },
        {
          "bgColor": 1291845632,
          "cornerRadius": 50.0,
          "displayInGame": true,
          "displayInMenu": true,
          "dynamicX": "0.029672453 * ${screen_width} + (px(85.71429) / 100.0 * ${preferred_scale}) + ${margin} - (px(85.71429) / 100.0 * ${preferred_scale}) - ${margin}",
          "dynamicY": "0.0 * ${screen_height} + (px(28.571428) /100.0 * ${preferred_scale}) + ${margin} + (px(28.571428) /100.0 * ${preferred_scale}) + ${margin} - (px(28.571428) /100.0 * ${preferred_scale}) - ${margin} - (px(28.571428) /100.0 * ${preferred_scale}) - ${margin} + (px(28.571428) /100.0 * ${preferred_scale}) + ${margin} + (px(28.571428) /100.0 * ${preferred_scale}) + ${margin} - (px(28.571428) /100.0 * ${preferred_scale}) - ${margin} + (px(28.571428) /100.0 * ${preferred_scale}) + ${margin} + (px(28.571428) /100.0 * ${preferred_scale}) + ${margin} + (px(28.571428) /100.0 * ${preferred_scale}) + ${margin} - (px(28.571428) /100.0 * ${preferred_scale}) - ${margin} + (px(28.571428) /100.0 * ${preferred_scale}) + ${margin} + (px(28.571428) /100.0 * ${preferred_scale}) + ${margin}",
          "height": 28.571428,
          "isDynamicBtn": false,
          "isHideable": true,
          "isSwipeable": false,
          "isToggle": false,
          "keycodes": [
            297,
            0,
            0,
            0
          ],
          "name": "F8",
          "opacity": 1.0,
          "passThruEnabled": false,
          "strokeColor": -1,
          "strokeWidth": 3.0,
          "width": 85.71429
        },
        {
          "bgColor": 1291845632,
          "cornerRadius": 50.0,
          "displayInGame": true,
          "displayInMenu": true,
          "dynamicX": "0.08738593 * ${screen_width}",
          "dynamicY": "0.0 * ${screen_height} + (px(28.571428) /100.0 * ${preferred_scale}) + ${margin} + (px(28.571428) /100.0 * ${preferred_scale}) + ${margin} - (px(28.571428) /100.0 * ${preferred_scale}) - ${margin} - (px(28.571428) /100.0 * ${preferred_scale}) - ${margin} + (px(28.571428) /100.0 * ${preferred_scale}) + ${margin} + (px(28.571428) /100.0 * ${preferred_scale}) + ${margin} - (px(28.571428) /100.0 * ${preferred_scale}) - ${margin} + (px(28.571428) /100.0 * ${preferred_scale}) + ${margin} + (px(28.571428) /100.0 * ${preferred_scale}) + ${margin} + (px(28.571428) /100.0 * ${preferred_scale}) + ${margin} - (px(28.571428) /100.0 * ${preferred_scale}) - ${margin} + (px(28.571428) /100.0 * ${preferred_scale}) + ${margin} + (px(28.571428) /100.0 * ${preferred_scale}) + ${margin} + (px(28.571428) /100.0 * ${preferred_scale}) + ${margin}",
          "height": 28.571428,
          "isDynamicBtn": false,
          "isHideable": true,
          "isSwipeable": false,
          "isToggle": false,
          "keycodes": [
            340,
            -3,
            0,
            0
          ],
          "name": "SHIFT+PRI",
          "opacity": 1.0,
          "passThruEnabled": false,
          "strokeColor": -1,
          "strokeWidth": 3.0,
          "width": 85.71429
        },
        {
          "bgColor": 1291845632,
          "cornerRadius": 50.0,
          "displayInGame": true,
          "displayInMenu": true,
          "dynamicX": "0.029672453 * ${screen_width} + (px(85.71429) / 100.0 * ${preferred_scale}) + ${margin} - (px(85.71429) / 100.0 * ${preferred_scale}) - ${margin} + (px(85.71429) / 100.0 * ${preferred_scale}) + ${margin}",
          "dynamicY": "0.0 * ${screen_height} + (px(28.571428) /100.0 * ${preferred_scale}) + ${margin} + (px(28.571428) /100.0 * ${preferred_scale}) + ${margin} - (px(28.571428) /100.0 * ${preferred_scale}) - ${margin} - (px(28.571428) /100.0 * ${preferred_scale}) - ${margin} + (px(28.571428) /100.0 * ${preferred_scale}) + ${margin} + (px(28.571428) /100.0 * ${preferred_scale}) + ${margin} - (px(28.571428) /100.0 * ${preferred_scale}) - ${margin} - (px(28.571428) /100.0 * ${preferred_scale}) - ${margin} + (px(28.571428) /100.0 * ${preferred_scale}) + ${margin} - (px(29.714285) /100.0 * ${preferred_scale}) - ${margin} + (px(29.714285) /100.0 * ${preferred_scale}) + ${margin} - (px(28.571428) /100.0 * ${preferred_scale}) - ${margin} + (px(28.571428) /100.0 * ${preferred_scale}) + ${margin} + (px(28.571428) /100.0 * ${preferred_scale}) + ${margin} + (px(28.571428) /100.0 * ${preferred_scale}) + ${margin} + (px(28.571428) /100.0 * ${preferred_scale}) + ${margin}",
          "height": 28.571428,
          "isDynamicBtn": false,
          "isHideable": true,
          "isSwipeable": false,
          "isToggle": false,
          "keycodes": [
            292,
            293,
            0,
            0
          ],
          "name": "F3+F4",
          "opacity": 1.0,
          "passThruEnabled": false,
          "strokeColor": -1,
          "strokeWidth": 3.0,
          "width": 85.71429
        },
        {
          "bgColor": 1291845632,
          "cornerRadius": 50.0,
          "displayInGame": true,
          "displayInMenu": true,
          "dynamicX": "0.029672453 * ${screen_width} + (px(85.71429) / 100.0 * ${preferred_scale}) + ${margin} - (px(85.71429) / 100.0 * ${preferred_scale}) - ${margin} + (px(85.71429) / 100.0 * ${preferred_scale}) + ${margin}",
          "dynamicY": "0.0 * ${screen_height} + (px(28.571428) /100.0 * ${preferred_scale}) + ${margin} + (px(28.571428) /100.0 * ${preferred_scale}) + ${margin} - (px(28.571428) /100.0 * ${preferred_scale}) - ${margin} - (px(28.571428) /100.0 * ${preferred_scale}) - ${margin} + (px(28.571428) /100.0 * ${preferred_scale}) + ${margin} + (px(28.571428) /100.0 * ${preferred_scale}) + ${margin} - (px(28.571428) /100.0 * ${preferred_scale}) - ${margin} + (px(28.571428) /100.0 * ${preferred_scale}) + ${margin} + (px(28.571428) /100.0 * ${preferred_scale}) + ${margin} + (px(28.571428) /100.0 * ${preferred_scale}) + ${margin} - (px(28.571428) /100.0 * ${preferred_scale}) - ${margin} + (px(28.571428) /100.0 * ${preferred_scale}) + ${margin} + (px(28.571428) /100.0 * ${preferred_scale}) + ${margin}",
          "height": 28.571428,
          "isDynamicBtn": false,
          "isHideable": true,
          "isSwipeable": false,
          "isToggle": false,
          "keycodes": [
            81,
            0,
            0,
            0
          ],
          "name": "Q",
          "opacity": 1.0,
          "passThruEnabled": false,
          "strokeColor": -1,
          "strokeWidth": 3.0,
          "width": 85.71429
        },
        {
          "bgColor": 1291845632,
          "cornerRadius": 50.0,
          "displayInGame": true,
          "displayInMenu": true,
          "dynamicX": "0.029672453 * ${screen_width} + (px(85.71429) / 100.0 * ${preferred_scale}) + ${margin} - (px(85.71429) / 100.0 * ${preferred_scale}) - ${margin} + (px(85.71429) / 100.0 * ${preferred_scale}) + ${margin}",
          "dynamicY": "0.0 * ${screen_height} + (px(28.571428) /100.0 * ${preferred_scale}) + ${margin} + (px(28.571428) /100.0 * ${preferred_scale}) + ${margin} - (px(28.571428) /100.0 * ${preferred_scale}) - ${margin} - (px(28.571428) /100.0 * ${preferred_scale}) - ${margin} + (px(28.571428) /100.0 * ${preferred_scale}) + ${margin} + (px(28.571428) /100.0 * ${preferred_scale}) + ${margin} - (px(28.571428) /100.0 * ${preferred_scale}) - ${margin} - (px(28.571428) /100.0 * ${preferred_scale}) - ${margin} + (px(28.571428) /100.0 * ${preferred_scale}) + ${margin} - (px(29.714285) /100.0 * ${preferred_scale}) - ${margin} + (px(29.714285) /100.0 * ${preferred_scale}) + ${margin} - (px(28.571428) /100.0 * ${preferred_scale}) - ${margin} + (px(28.571428) /100.0 * ${preferred_scale}) + ${margin} + (px(28.571428) /100.0 * ${preferred_scale}) + ${margin} + (px(28.571428) /100.0 * ${preferred_scale}) + ${margin}",
          "height": 28.571428,
          "isDynamicBtn": false,
          "isHideable": true,
          "isSwipeable": false,
          "isToggle": false,
          "keycodes": [
            292,
            78,
            0,
            0
          ],
          "name": "F3+N",
          "opacity": 1.0,
          "passThruEnabled": false,
          "strokeColor": -1,
          "strokeWidth": 3.0,
          "width": 85.71429
        },
        {
          "bgColor": 1291845632,
          "cornerRadius": 50.0,
          "displayInGame": true,
          "displayInMenu": true,
          "dynamicX": "0.029672453 * ${screen_width} + (px(85.71429) / 100.0 * ${preferred_scale}) + ${margin} - (px(85.71429) / 100.0 * ${preferred_scale}) - ${margin} + (px(85.71429) / 100.0 * ${preferred_scale}) + ${margin}",
          "dynamicY": "0.0 * ${screen_height} + (px(28.571428) /100.0 * ${preferred_scale}) + ${margin} + (px(28.571428) /100.0 * ${preferred_scale}) + ${margin} - (px(28.571428) /100.0 * ${preferred_scale}) - ${margin} - (px(28.571428) /100.0 * ${preferred_scale}) - ${margin} + (px(28.571428) /100.0 * ${preferred_scale}) + ${margin} + (px(28.571428) /100.0 * ${preferred_scale}) + ${margin} - (px(28.571428) /100.0 * ${preferred_scale}) - ${margin} - (px(28.571428) /100.0 * ${preferred_scale}) - ${margin} + (px(28.571428) /100.0 * ${preferred_scale}) + ${margin} - (px(29.714285) /100.0 * ${preferred_scale}) - ${margin} + (px(29.714285) /100.0 * ${preferred_scale}) + ${margin} - (px(28.571428) /100.0 * ${preferred_scale}) - ${margin} + (px(28.571428) /100.0 * ${preferred_scale}) + ${margin} + (px(28.571428) /100.0 * ${preferred_scale}) + ${margin}",
          "height": 28.571428,
          "isDynamicBtn": false,
          "isHideable": true,
          "isSwipeable": false,
          "isToggle": false,
          "keycodes": [
            292,
            66,
            0,
            0
          ],
          "name": "F3+B",
          "opacity": 1.0,
          "passThruEnabled": false,
          "strokeColor": -1,
          "strokeWidth": 3.0,
          "width": 85.71429
        },
        {
          "bgColor": 1291845632,
          "cornerRadius": 50.0,
          "displayInGame": true,
          "displayInMenu": true,
          "dynamicX": "0.029672453 * ${screen_width} + (px(85.71429) / 100.0 * ${preferred_scale}) + ${margin} - (px(85.71429) / 100.0 * ${preferred_scale}) - ${margin} + (px(85.71429) / 100.0 * ${preferred_scale}) + ${margin}",
          "dynamicY": "0.0 * ${screen_height} + (px(28.571428) /100.0 * ${preferred_scale}) + ${margin} + (px(28.571428) /100.0 * ${preferred_scale}) + ${margin} - (px(28.571428) /100.0 * ${preferred_scale}) - ${margin} - (px(28.571428) /100.0 * ${preferred_scale}) - ${margin} + (px(28.571428) /100.0 * ${preferred_scale}) + ${margin} + (px(28.571428) /100.0 * ${preferred_scale}) + ${margin} - (px(28.571428) /100.0 * ${preferred_scale}) - ${margin} - (px(28.571428) /100.0 * ${preferred_scale}) - ${margin} + (px(28.571428) /100.0 * ${preferred_scale}) + ${margin} - (px(29.714285) /100.0 * ${preferred_scale}) - ${margin} + (px(29.714285) /100.0 * ${preferred_scale}) + ${margin} - (px(28.571428) /100.0 * ${preferred_scale}) - ${margin} + (px(28.571428) /100.0 * ${preferred_scale}) + ${margin}",
          "height": 28.571428,
          "isDynamicBtn": false,
          "isHideable": true,
          "isSwipeable": false,
          "isToggle": false,
          "keycodes": [
            292,
            72,
            0,
            0
          ],
          "name": "F3+H",
          "opacity": 1.0,
          "passThruEnabled": false,
          "strokeColor": -1,
          "strokeWidth": 3.0,
          "width": 85.71429
        },
        {
          "bgColor": 1291845632,
          "cornerRadius": 50.0,
          "displayInGame": true,
          "displayInMenu": true,
          "dynamicX": "0.029672453 * ${screen_width} + (px(85.71429) / 100.0 * ${preferred_scale}) + ${margin} - (px(85.71429) / 100.0 * ${preferred_scale}) - ${margin} + (px(85.71429) / 100.0 * ${preferred_scale}) + ${margin}",
          "dynamicY": "0.0 * ${screen_height} + (px(28.571428) /100.0 * ${preferred_scale}) + ${margin} + (px(28.571428) /100.0 * ${preferred_scale}) + ${margin} - (px(28.571428) /100.0 * ${preferred_scale}) - ${margin} - (px(28.571428) /100.0 * ${preferred_scale}) - ${margin} + (px(28.571428) /100.0 * ${preferred_scale}) + ${margin} + (px(28.571428) /100.0 * ${preferred_scale}) + ${margin} - (px(28.571428) /100.0 * ${preferred_scale}) - ${margin} - (px(28.571428) /100.0 * ${preferred_scale}) - ${margin} + (px(28.571428) /100.0 * ${preferred_scale}) + ${margin} - (px(29.714285) /100.0 * ${preferred_scale}) - ${margin} + (px(29.714285) /100.0 * ${preferred_scale}) + ${margin} - ${height} - ${margin}",
          "height": 28.571428,
          "isDynamicBtn": false,
          "isHideable": true,
          "isSwipeable": false,
          "isToggle": false,
          "keycodes": [
            292,
            71,
            0,
            0
          ],
          "name": "F3+G",
          "opacity": 1.0,
          "passThruEnabled": false,
          "strokeColor": -1,
          "strokeWidth": 3.1,
          "width": 85.71429
        }
      ],
      "orientation": "FREE",
      "properties": {
        "bgColor": 1291845632,
        "cornerRadius": 50.0,
        "displayInGame": true,
        "displayInMenu": true,
        "dynamicX": "0.20632008 * ${screen_width}",
        "dynamicY": "0.9812982 * ${screen_height} - (px(28.571428) /100.0 * ${preferred_scale}) - (px(29.714285) /100.0 * ${preferred_scale}) - ${margin} - (px(28.571428) /100.0 * ${preferred_scale}) - ${margin} + (px(28.571428) /100.0 * ${preferred_scale}) + ${margin} + (px(29.714285) /100.0 * ${preferred_scale}) + ${margin}",
        "height": 28.571428,
        "isDynamicBtn": false,
        "isHideable": true,
        "isSwipeable": false,
        "isToggle": false,
        "keycodes": [
          0,
          0,
          0,
          0
        ],
        "name": "Nút F",
        "opacity": 1.0,
        "passThruEnabled": false,
        "strokeColor": -1,
        "strokeWidth": 3.0,
        "width": 85.71429
      }
    },
    {
      "buttonProperties": [
        {
          "bgColor": 1291845632,
          "cornerRadius": 50.0,
          "displayInGame": true,
          "displayInMenu": true,
          "dynamicX": "0.9590723 * ${screen_width} - (px(80.0) / 100.0 * ${preferred_scale})",
          "dynamicY": "0.22847222 * ${screen_height} - (px(29.714285) /100.0 * ${preferred_scale}) - ${margin} + (px(29.714285) /100.0 * ${preferred_scale}) + ${margin} - (px(29.714285) /100.0 * ${preferred_scale}) - ${margin} + (px(29.714285) /100.0 * ${preferred_scale}) + ${margin} - (px(29.714285) /100.0 * ${preferred_scale}) - ${margin} - (px(29.714285) /100.0 * ${preferred_scale}) - ${margin} - (px(29.714285) /100.0 * ${preferred_scale}) - ${margin} + (px(29.714285) /100.0 * ${preferred_scale}) + ${margin} + (px(29.714285) /100.0 * ${preferred_scale}) + ${margin} + (px(29.714285) /100.0 * ${preferred_scale}) + ${margin} + (px(29.714285) /100.0 * ${preferred_scale}) + ${margin} - (px(29.714285) /100.0 * ${preferred_scale}) - ${margin} + (px(29.714285) /100.0 * ${preferred_scale}) + ${margin} - ${height} - ${margin}",
          "height": 29.714285,
          "isDynamicBtn": false,
          "isHideable": true,
          "isSwipeable": false,
          "isToggle": false,
          "keycodes": [
            -9,
            0,
            0,
            0
          ],
          "name": "Ẩn Menu",
          "opacity": 1.0,
          "passThruEnabled": false,
          "strokeColor": -1,
          "strokeWidth": 3.0,
          "width": 85.71429
        },
        {
          "bgColor": 1291845632,
          "cornerRadius": 50.0,
          "displayInGame": true,
          "displayInMenu": true,
          "dynamicX": "0.9590723 * ${screen_width} - (px(80.0) / 100.0 * ${preferred_scale})",
          "dynamicY": "0.22847222 * ${screen_height} - (px(29.714285) /100.0 * ${preferred_scale}) - ${margin} + (px(29.714285) /100.0 * ${preferred_scale}) + ${margin} - (px(29.714285) /100.0 * ${preferred_scale}) - ${margin} + (px(29.714285) /100.0 * ${preferred_scale}) + ${margin} - (px(29.714285) /100.0 * ${preferred_scale}) - ${margin} - (px(29.714285) /100.0 * ${preferred_scale}) - ${margin} - (px(29.714285) /100.0 * ${preferred_scale}) - ${margin} + (px(29.714285) /100.0 * ${preferred_scale}) + ${margin} + (px(29.714285) /100.0 * ${preferred_scale}) + ${margin}",
          "height": 29.714285,
          "isDynamicBtn": false,
          "isHideable": true,
          "isSwipeable": false,
          "isToggle": false,
          "keycodes": [
            84,
            0,
            0,
            0
          ],
          "name": "Chat",
          "opacity": 1.0,
          "passThruEnabled": false,
          "strokeColor": -1,
          "strokeWidth": 3.0,
          "width": 85.71429
        },
        {
          "bgColor": 1291845632,
          "cornerRadius": 51.0,
          "displayInGame": true,
          "displayInMenu": true,
          "dynamicX": "0.9590723 * ${screen_width} - (px(80.0) / 100.0 * ${preferred_scale})",
          "dynamicY": "0.22847222 * ${screen_height} - (px(29.714285) /100.0 * ${preferred_scale}) - ${margin} + (px(29.714285) /100.0 * ${preferred_scale}) + ${margin} - (px(29.714285) /100.0 * ${preferred_scale}) - ${margin} + (px(29.714285) /100.0 * ${preferred_scale}) + ${margin} - (px(29.714285) /100.0 * ${preferred_scale}) - ${margin} - (px(29.714285) /100.0 * ${preferred_scale}) - ${margin} - (px(29.714285) /100.0 * ${preferred_scale}) - ${margin} + (px(29.714285) /100.0 * ${preferred_scale}) + ${margin}",
          "height": 29.714285,
          "isDynamicBtn": false,
          "isHideable": true,
          "isSwipeable": false,
          "isToggle": false,
          "keycodes": [
            -1,
            0,
            0,
            0
          ],
          "name": "Keyboard",
          "opacity": 1.0,
          "passThruEnabled": false,
          "strokeColor": -1,
          "strokeWidth": 3.0,
          "width": 85.71429
        },
        {
          "bgColor": 1291845632,
          "cornerRadius": 50.0,
          "displayInGame": true,
          "displayInMenu": true,
          "dynamicX": "0.9590723 * ${screen_width} - (px(80.0) / 100.0 * ${preferred_scale})",
          "dynamicY": "0.22847222 * ${screen_height} - (px(29.714285) /100.0 * ${preferred_scale}) - ${margin} + (px(29.714285) /100.0 * ${preferred_scale}) + ${margin} - (px(29.714285) /100.0 * ${preferred_scale}) - ${margin} + (px(29.714285) /100.0 * ${preferred_scale}) + ${margin} - (px(29.714285) /100.0 * ${preferred_scale}) - ${margin} - (px(29.714285) /100.0 * ${preferred_scale}) - ${margin} - (px(29.714285) /100.0 * ${preferred_scale}) - ${margin} + (px(29.714285) /100.0 * ${preferred_scale}) + ${margin} + (px(29.714285) /100.0 * ${preferred_scale}) + ${margin} + (px(29.714285) /100.0 * ${preferred_scale}) + ${margin} + (px(29.714285) /100.0 * ${preferred_scale}) + ${margin} - (px(29.714285) /100.0 * ${preferred_scale}) - ${margin} + (px(29.714285) /100.0 * ${preferred_scale}) + ${margin}",
          "height": 29.714285,
          "isDynamicBtn": false,
          "isHideable": true,
          "isSwipeable": false,
          "isToggle": false,
          "keycodes": [
            256,
            0,
            0,
            0
          ],
          "name": "ESC",
          "opacity": 1.0,
          "passThruEnabled": false,
          "strokeColor": -1,
          "strokeWidth": 3.0,
          "width": 85.71429
        }
      ],
      "orientation": "FREE",
      "properties": {
        "bgColor": 1291845632,
        "cornerRadius": 50.0,
        "displayInGame": true,
        "displayInMenu": true,
        "dynamicX": "0.20632008 * ${screen_width}",
        "dynamicY": "0.9812982 * ${screen_height} - (px(28.571428) /100.0 * ${preferred_scale}) - (px(29.714285) /100.0 * ${preferred_scale}) - ${margin} - (px(28.571428) /100.0 * ${preferred_scale}) - ${margin} + (px(28.571428) /100.0 * ${preferred_scale}) + ${margin} + (px(29.714285) /100.0 * ${preferred_scale}) + ${margin} - ${height} - ${margin}",
        "height": 29.714285,
        "isDynamicBtn": false,
        "isHideable": true,
        "isSwipeable": false,
        "isToggle": false,
        "keycodes": [
          0,
          0,
          0,
          0
        ],
        "name": "Nút Kkk",
        "opacity": 1.0,
        "passThruEnabled": false,
        "strokeColor": -1,
        "strokeWidth": 3.0,
        "width": 85.71429
      }
    }
  ],
  "mJoystickDataList": [],
  "scaledAt": 100.0,
  "version": 6
}